{"farPlane": 0.894287, "nearPlane":  8.95744e-05, "upVector": [-0.852353, 0.459366, -0.249954],"targetPosition": [0.0680325, 0.0517171, 0.0510084], "eyePosition": [0.224898, 0.392822, 0.142974]}