{
	"metadata" : {
		"formatVersion" : 3,
		"description" : "Exported from LibZinc."
	},

	"materials" : [ {
	"DbgColor" : 15658734,
	"DbgIndex" : 0,
	"DbgName" : "my_material",
	"colorDiffuse" : [1, 1, 1],
	"colorSpecular" : [0, 0, 0],
	"shading" : "Phong",
	"specularCoef" : 0,
	"opacity" : 1,
	"vertexColors" : true
	}],

	"vertices" : [
		0.057697,0.024033,0.091671,0.059609,0.022423,0.091639,0.061521,0.020813,0.091608,0.063434,0.019203,0.091577,0.065346,0.017593,0.091545,0.059256,0.025896,0.091079,0.061168,0.024286,0.091048,0.063080,0.022676,0.091016,0.064992,0.021066,0.090985,0.066905,0.019456,0.090953,
		0.060814,0.027759,0.090487,0.062727,0.026149,0.090456,0.064639,0.024539,0.090424,0.066551,0.022929,0.090393,0.068463,0.021319,0.090362,0.062373,0.029622,0.089895,0.064285,0.028012,0.089864,0.066198,0.026402,0.089832,0.068110,0.024792,0.089801,0.070022,0.023181,0.089770,
		0.063932,0.031485,0.089303,0.065844,0.029875,0.089272,0.067756,0.028264,0.089241,0.069669,0.026654,0.089209,0.071581,0.025044,0.089178,0.063728,0.015861,0.081830,0.061816,0.017471,0.081862,0.059903,0.019081,0.081893,0.057991,0.020691,0.081924,0.056079,0.022301,0.081956,
		0.065287,0.017723,0.081238,0.063374,0.019333,0.081270,0.061462,0.020944,0.081301,0.059550,0.022554,0.081333,0.057638,0.024164,0.081364,0.066845,0.019586,0.080647,0.064933,0.021196,0.080678,0.063021,0.022806,0.080709,0.061109,0.024416,0.080741,0.059196,0.026027,0.080772,
		0.068404,0.021449,0.080055,0.066492,0.023059,0.080086,0.064580,0.024669,0.080118,0.062667,0.026279,0.080149,0.060755,0.027889,0.080180,0.069963,0.023312,0.079463,0.068051,0.024922,0.079494,0.066138,0.026532,0.079526,0.064226,0.028142,0.079557,0.062314,0.029752,0.079588,
		0.071581,0.025044,0.089178,0.070022,0.023181,0.089770,0.068463,0.021319,0.090362,0.066905,0.019456,0.090953,0.065346,0.017593,0.091545,0.071176,0.024611,0.086749,0.069618,0.022748,0.087341,0.068059,0.020886,0.087933,0.066500,0.019023,0.088525,0.064941,0.017160,0.089116,
		0.070772,0.024178,0.084320,0.069213,0.022315,0.084912,0.067654,0.020452,0.085504,0.066096,0.018590,0.086096,0.064537,0.016727,0.086688,0.070367,0.023745,0.081892,0.068809,0.021882,0.082484,0.067250,0.020019,0.083075,0.065691,0.018157,0.083667,0.064132,0.016294,0.084259,
		0.069963,0.023312,0.079463,0.068404,0.021449,0.080055,0.066845,0.019586,0.080647,0.065287,0.017723,0.081238,0.063728,0.015861,0.081830,0.057697,0.024033,0.091671,0.059256,0.025896,0.091079,0.060814,0.027759,0.090487,0.062373,0.029622,0.089895,0.063932,0.031485,0.089303,
		0.057292,0.023600,0.089242,0.058851,0.025463,0.088650,0.060410,0.027326,0.088058,0.061969,0.029189,0.087467,0.063527,0.031052,0.086875,0.056888,0.023167,0.086813,0.058447,0.025030,0.086221,0.060005,0.026893,0.085630,0.061564,0.028756,0.085038,0.063123,0.030618,0.084446,
		0.056483,0.022734,0.084385,0.058042,0.024597,0.083793,0.059601,0.026460,0.083201,0.061160,0.028322,0.082609,0.062718,0.030185,0.082017,0.056079,0.022301,0.081956,0.057638,0.024164,0.081364,0.059196,0.026027,0.080772,0.060755,0.027889,0.080180,0.062314,0.029752,0.079588,
		0.063728,0.015861,0.081830,0.064132,0.016294,0.084259,0.064537,0.016727,0.086688,0.064941,0.017160,0.089116,0.065346,0.017593,0.091545,0.061816,0.017471,0.081862,0.062220,0.017904,0.084290,0.062625,0.018337,0.086719,0.063029,0.018770,0.089148,0.063434,0.019203,0.091577,
		0.059903,0.019081,0.081893,0.060308,0.019514,0.084322,0.060712,0.019947,0.086750,0.061117,0.020380,0.089179,0.061521,0.020813,0.091608,0.057991,0.020691,0.081924,0.058396,0.021124,0.084353,0.058800,0.021557,0.086782,0.059205,0.021990,0.089211,0.059609,0.022423,0.091639,
		0.056079,0.022301,0.081956,0.056483,0.022734,0.084385,0.056888,0.023167,0.086813,0.057292,0.023600,0.089242,0.057697,0.024033,0.091671,0.071581,0.025044,0.089178,0.071176,0.024611,0.086749,0.070772,0.024178,0.084320,0.070367,0.023745,0.081892,0.069963,0.023312,0.079463,
		0.069669,0.026654,0.089209,0.069264,0.026221,0.086781,0.068860,0.025788,0.084352,0.068455,0.025355,0.081923,0.068051,0.024922,0.079494,0.067756,0.028264,0.089241,0.067352,0.027831,0.086812,0.066947,0.027398,0.084383,0.066543,0.026965,0.081954,0.066138,0.026532,0.079526,
		0.065844,0.029875,0.089272,0.065440,0.029441,0.086843,0.065035,0.029008,0.084415,0.064631,0.028575,0.081986,0.064226,0.028142,0.079557,0.063932,0.031485,0.089303,0.063527,0.031052,0.086875,0.063123,0.030618,0.084446,0.062718,0.030185,0.082017,0.062314,0.029752,0.079588
	],