{
	"metadata" : {
		"formatVersion" : 3,
		"description" : "Exported from LibZinc."
	},

	"materials" : [ {
	"DbgColor" : 15658734,
	"DbgIndex" : 0,
	"DbgName" : "my_material",
	"colorDiffuse" : [1, 1, 1],
	"colorSpecular" : [0, 0, 0],
	"shading" : "Phong",
	"specularCoef" : 0,
	"opacity" : 1,
	"vertexColors" : true
	}],

	"vertices" : [
		0.094568,0.019937,0.074578,0.094433,0.017808,0.075882,0.094299,0.015680,0.077186,0.094164,0.013551,0.078491,0.094030,0.011423,0.079795,0.096506,0.020671,0.075976,0.096371,0.018543,0.077280,0.096237,0.016414,0.078584,0.096102,0.014286,0.079889,0.095968,0.012157,0.081193,
		0.098444,0.021405,0.077374,0.098310,0.019277,0.078678,0.098175,0.017148,0.079982,0.098041,0.015020,0.081286,0.097906,0.012891,0.082591,0.100382,0.022139,0.078771,0.100248,0.020011,0.080076,0.100113,0.017882,0.081380,0.099979,0.015754,0.082684,0.099844,0.013625,0.083989,
		0.102321,0.022874,0.080169,0.102186,0.020745,0.081474,0.102052,0.018617,0.082778,0.101917,0.016488,0.084082,0.101783,0.014360,0.085387,0.100323,0.007077,0.073352,0.100457,0.009206,0.072048,0.100592,0.011334,0.070743,0.100726,0.013463,0.069439,0.100861,0.015591,0.068135,
		0.102261,0.007811,0.074750,0.102396,0.009940,0.073446,0.102530,0.012068,0.072141,0.102665,0.014197,0.070837,0.102799,0.016325,0.069533,0.104199,0.008545,0.076148,0.104334,0.010674,0.074844,0.104468,0.012803,0.073539,0.104603,0.014931,0.072235,0.104737,0.017060,0.070931,
		0.106138,0.009280,0.077546,0.106272,0.011408,0.076242,0.106407,0.013537,0.074937,0.106541,0.015665,0.073633,0.106676,0.017794,0.072329,0.108076,0.010014,0.078944,0.108210,0.012142,0.077640,0.108345,0.014271,0.076335,0.108479,0.016399,0.075031,0.108614,0.018528,0.073727,
		0.101783,0.014360,0.085387,0.099844,0.013625,0.083989,0.097906,0.012891,0.082591,0.095968,0.012157,0.081193,0.094030,0.011423,0.079795,0.103356,0.013273,0.083776,0.101418,0.012539,0.082378,0.099479,0.011805,0.080980,0.097541,0.011071,0.079582,0.095603,0.010336,0.078184,
		0.104929,0.012187,0.082165,0.102991,0.011452,0.080767,0.101053,0.010718,0.079369,0.099115,0.009984,0.077971,0.097176,0.009250,0.076573,0.106502,0.011100,0.080555,0.104564,0.010366,0.079157,0.102626,0.009632,0.077759,0.100688,0.008898,0.076361,0.098750,0.008164,0.074963,
		0.108076,0.010014,0.078944,0.106138,0.009280,0.077546,0.104199,0.008545,0.076148,0.102261,0.007811,0.074750,0.100323,0.007077,0.073352,0.094568,0.019937,0.074578,0.096506,0.020671,0.075976,0.098444,0.021405,0.077374,0.100382,0.022139,0.078771,0.102321,0.022874,0.080169,
		0.096141,0.018851,0.072967,0.098079,0.019585,0.074365,0.100017,0.020319,0.075763,0.101956,0.021053,0.077161,0.103894,0.021787,0.078559,0.097714,0.017764,0.071356,0.099653,0.018498,0.072754,0.101591,0.019232,0.074152,0.103529,0.019967,0.075550,0.105467,0.020701,0.076948,
		0.099288,0.016678,0.069745,0.101226,0.017412,0.071143,0.103164,0.018146,0.072541,0.105102,0.018880,0.073939,0.107040,0.019614,0.075337,0.100861,0.015591,0.068135,0.102799,0.016325,0.069533,0.104737,0.017060,0.070931,0.106676,0.017794,0.072329,0.108614,0.018528,0.073727,
		0.100323,0.007077,0.073352,0.098750,0.008164,0.074963,0.097176,0.009250,0.076573,0.095603,0.010336,0.078184,0.094030,0.011423,0.079795,0.100457,0.009206,0.072048,0.098884,0.010292,0.073658,0.097311,0.011378,0.075269,0.095738,0.012465,0.076880,0.094164,0.013551,0.078491,
		0.100592,0.011334,0.070743,0.099019,0.012421,0.072354,0.097445,0.013507,0.073965,0.095872,0.014593,0.075575,0.094299,0.015680,0.077186,0.100726,0.013463,0.069439,0.099153,0.014549,0.071050,0.097580,0.015636,0.072660,0.096007,0.016722,0.074271,0.094433,0.017808,0.075882,
		0.100861,0.015591,0.068135,0.099288,0.016678,0.069745,0.097714,0.017764,0.071356,0.096141,0.018851,0.072967,0.094568,0.019937,0.074578,0.101783,0.014360,0.085387,0.103356,0.013273,0.083776,0.104929,0.012187,0.082165,0.106502,0.011100,0.080555,0.108076,0.010014,0.078944,
		0.101917,0.016488,0.084082,0.103490,0.015402,0.082472,0.105064,0.014315,0.080861,0.106637,0.013229,0.079250,0.108210,0.012142,0.077640,0.102052,0.018617,0.082778,0.103625,0.017530,0.081167,0.105198,0.016444,0.079557,0.106771,0.015357,0.077946,0.108345,0.014271,0.076335,
		0.102186,0.020745,0.081474,0.103759,0.019659,0.079863,0.105333,0.018572,0.078252,0.106906,0.017486,0.076642,0.108479,0.016399,0.075031,0.102321,0.022874,0.080169,0.103894,0.021787,0.078559,0.105467,0.020701,0.076948,0.107040,0.019614,0.075337,0.108614,0.018528,0.073727
	],