{
	"metadata" : {
		"formatVersion" : 3,
		"description" : "Exported from LibZinc."
	},

	"materials" : [ {
	"DbgColor" : 15658734,
	"DbgIndex" : 0,
	"DbgName" : "my_material",
	"colorDiffuse" : [1, 1, 1],
	"colorSpecular" : [0, 0, 0],
	"shading" : "Phong",
	"specularCoef" : 0,
	"opacity" : 1,
	"vertexColors" : true
	}],

	"vertices" : [
		0.039801,0.071866,0.071267,0.039320,0.070713,0.069102,0.038840,0.069559,0.066937,0.038359,0.068405,0.064772,0.037878,0.067251,0.062607,0.039509,0.069703,0.072485,0.039028,0.068549,0.070320,0.038548,0.067395,0.068155,0.038067,0.066241,0.065990,0.037586,0.065087,0.063825,
		0.039217,0.067539,0.073703,0.038736,0.066385,0.071538,0.038256,0.065231,0.069373,0.037775,0.064077,0.067208,0.037294,0.062924,0.065043,0.038925,0.065376,0.074921,0.038444,0.064222,0.072756,0.037964,0.063068,0.070591,0.037483,0.061914,0.068426,0.037002,0.060760,0.066261,
		0.038633,0.063212,0.076139,0.038152,0.062058,0.073974,0.037672,0.060904,0.071809,0.037191,0.059750,0.069644,0.036710,0.058596,0.067479,0.047622,0.065303,0.061482,0.048103,0.066457,0.063647,0.048583,0.067610,0.065812,0.049064,0.068764,0.067977,0.049545,0.069918,0.070142,
		0.047330,0.063139,0.062700,0.047811,0.064293,0.064865,0.048291,0.065447,0.067030,0.048772,0.066601,0.069195,0.049253,0.067755,0.071360,0.047038,0.060975,0.063918,0.047519,0.062129,0.066083,0.047999,0.063283,0.068248,0.048480,0.064437,0.070413,0.048961,0.065591,0.072578,
		0.046746,0.058812,0.065136,0.047227,0.059966,0.067301,0.047707,0.061120,0.069466,0.048188,0.062274,0.071631,0.048669,0.063427,0.073796,0.046454,0.056648,0.066354,0.046935,0.057802,0.068519,0.047415,0.058956,0.070684,0.047896,0.060110,0.072849,0.048377,0.061264,0.075014,
		0.036710,0.058596,0.067479,0.037002,0.060760,0.066261,0.037294,0.062924,0.065043,0.037586,0.065087,0.063825,0.037878,0.067251,0.062607,0.039146,0.058109,0.067197,0.039438,0.060273,0.065979,0.039730,0.062437,0.064762,0.040022,0.064600,0.063544,0.040314,0.066764,0.062326,
		0.041582,0.057622,0.066916,0.041874,0.059786,0.065698,0.042166,0.061949,0.064480,0.042458,0.064113,0.063262,0.042750,0.066277,0.062044,0.044018,0.057135,0.066635,0.044310,0.059299,0.065417,0.044602,0.061462,0.064199,0.044894,0.063626,0.062981,0.045186,0.065790,0.061763,
		0.046454,0.056648,0.066354,0.046746,0.058812,0.065136,0.047038,0.060975,0.063918,0.047330,0.063139,0.062700,0.047622,0.065303,0.061482,0.039801,0.071866,0.071267,0.039509,0.069703,0.072485,0.039217,0.067539,0.073703,0.038925,0.065376,0.074921,0.038633,0.063212,0.076139,
		0.042237,0.071379,0.070986,0.041945,0.069216,0.072204,0.041653,0.067052,0.073422,0.041361,0.064889,0.074640,0.041069,0.062725,0.075858,0.044673,0.070892,0.070705,0.044381,0.068729,0.071923,0.044089,0.066565,0.073141,0.043797,0.064401,0.074359,0.043505,0.062238,0.075576,
		0.047109,0.070405,0.070423,0.046817,0.068242,0.071641,0.046525,0.066078,0.072859,0.046233,0.063914,0.074077,0.045941,0.061751,0.075295,0.049545,0.069918,0.070142,0.049253,0.067755,0.071360,0.048961,0.065591,0.072578,0.048669,0.063427,0.073796,0.048377,0.061264,0.075014,
		0.047622,0.065303,0.061482,0.045186,0.065790,0.061763,0.042750,0.066277,0.062044,0.040314,0.066764,0.062326,0.037878,0.067251,0.062607,0.048103,0.066457,0.063647,0.045667,0.066944,0.063928,0.043231,0.067431,0.064209,0.040795,0.067918,0.064491,0.038359,0.068405,0.064772,
		0.048583,0.067610,0.065812,0.046147,0.068098,0.066093,0.043711,0.068585,0.066375,0.041276,0.069072,0.066656,0.038840,0.069559,0.066937,0.049064,0.068764,0.067977,0.046628,0.069251,0.068258,0.044192,0.069738,0.068540,0.041756,0.070225,0.068821,0.039320,0.070713,0.069102,
		0.049545,0.069918,0.070142,0.047109,0.070405,0.070423,0.044673,0.070892,0.070705,0.042237,0.071379,0.070986,0.039801,0.071866,0.071267,0.036710,0.058596,0.067479,0.039146,0.058109,0.067197,0.041582,0.057622,0.066916,0.044018,0.057135,0.066635,0.046454,0.056648,0.066354,
		0.037191,0.059750,0.069644,0.039627,0.059263,0.069362,0.042063,0.058776,0.069081,0.044499,0.058289,0.068800,0.046935,0.057802,0.068519,0.037672,0.060904,0.071809,0.040108,0.060417,0.071528,0.042543,0.059930,0.071246,0.044979,0.059443,0.070965,0.047415,0.058956,0.070684,
		0.038152,0.062058,0.073974,0.040588,0.061571,0.073693,0.043024,0.061084,0.073411,0.045460,0.060597,0.073130,0.047896,0.060110,0.072849,0.038633,0.063212,0.076139,0.041069,0.062725,0.075858,0.043505,0.062238,0.075576,0.045941,0.061751,0.075295,0.048377,0.061264,0.075014
	],