{"farPlane": 0.6870137781911911, "nearPlane":  0.013987114925292117, "upVector": [-0.7094046266587843, 0.43157134108137146, -0.5572176263600612],"targetPosition": [0.05377199919894338, 0.05405850021634251, 0.04849850037135184], "eyePosition": [0.12615303951427626, 0.3012426098133506, 0.15766238880950018]}