{
	"metadata" : {
		"formatVersion" : 3,
		"description" : "Exported from LibZinc."
	},

	"materials" : [ {
	"DbgColor" : 15658734,
	"DbgIndex" : 0,
	"DbgName" : "my_material",
	"colorDiffuse" : [1, 1, 1],
	"colorSpecular" : [0, 0, 0],
	"shading" : "Phong",
	"specularCoef" : 0,
	"opacity" : 1,
	"vertexColors" : true
	}],

	"vertices" : [
		0.085915,0.060526,0.029977,0.084621,0.059031,0.028448,0.083326,0.057536,0.026918,0.082032,0.056041,0.025389,0.080737,0.054546,0.023859,0.083781,0.061312,0.031015,0.082487,0.059817,0.029485,0.081192,0.058323,0.027956,0.079897,0.056828,0.026426,0.078603,0.055333,0.024897,
		0.081647,0.062099,0.032053,0.080352,0.060604,0.030523,0.079058,0.059109,0.028994,0.077763,0.057614,0.027464,0.076469,0.056119,0.025935,0.079513,0.062885,0.033090,0.078218,0.061391,0.031561,0.076924,0.059896,0.030031,0.075629,0.058401,0.028502,0.074334,0.056906,0.026972,
		0.077379,0.063672,0.034128,0.076084,0.062177,0.032598,0.074789,0.060682,0.031069,0.073495,0.059187,0.029539,0.072200,0.057692,0.028010,0.081294,0.047174,0.030593,0.082587,0.048712,0.032030,0.083879,0.050302,0.033356,0.085170,0.051892,0.034682,0.086463,0.053430,0.036118,
		0.079160,0.047961,0.031631,0.080453,0.049492,0.033082,0.081745,0.051067,0.034440,0.083037,0.052642,0.035797,0.084330,0.054174,0.037249,0.077026,0.048747,0.032668,0.078320,0.050264,0.034152,0.079613,0.051806,0.035579,0.080906,0.053349,0.037007,0.082199,0.054865,0.038490,
		0.074892,0.049534,0.033706,0.076186,0.051035,0.035221,0.077480,0.052545,0.036719,0.078774,0.054055,0.038216,0.080068,0.055557,0.039731,0.072757,0.050320,0.034744,0.074052,0.051815,0.036273,0.075347,0.053310,0.037803,0.076641,0.054805,0.039332,0.077936,0.056300,0.040862,
		0.072200,0.057692,0.028010,0.074334,0.056906,0.026972,0.076469,0.056119,0.025935,0.078603,0.055333,0.024897,0.080737,0.054546,0.023859,0.072340,0.055849,0.029693,0.074474,0.055063,0.028656,0.076608,0.054276,0.027618,0.078742,0.053490,0.026580,0.080876,0.052703,0.025543,
		0.072479,0.054006,0.031377,0.074613,0.053220,0.030339,0.076747,0.052433,0.029302,0.078881,0.051647,0.028264,0.081016,0.050860,0.027226,0.072618,0.052163,0.033060,0.074752,0.051377,0.032023,0.076886,0.050590,0.030985,0.079021,0.049804,0.029947,0.081155,0.049017,0.028910,
		0.072757,0.050320,0.034744,0.074892,0.049534,0.033706,0.077026,0.048747,0.032668,0.079160,0.047961,0.031631,0.081294,0.047174,0.030593,0.085915,0.060526,0.029977,0.083781,0.061312,0.031015,0.081647,0.062099,0.032053,0.079513,0.062885,0.033090,0.077379,0.063672,0.034128,
		0.086053,0.058726,0.031568,0.083919,0.059506,0.032620,0.081786,0.060277,0.033690,0.079652,0.061049,0.034759,0.077518,0.061829,0.035811,0.086189,0.056978,0.033048,0.084056,0.057743,0.034132,0.081923,0.058482,0.035271,0.079791,0.059221,0.036411,0.077657,0.059986,0.037495,
		0.086325,0.055230,0.034528,0.084192,0.055980,0.035643,0.082061,0.056687,0.036853,0.079929,0.057393,0.038062,0.077796,0.058143,0.039178,0.086463,0.053430,0.036118,0.084330,0.054174,0.037249,0.082199,0.054865,0.038490,0.080068,0.055557,0.039731,0.077936,0.056300,0.040862,
		0.081294,0.047174,0.030593,0.081155,0.049017,0.028910,0.081016,0.050860,0.027226,0.080876,0.052703,0.025543,0.080737,0.054546,0.023859,0.082587,0.048712,0.032030,0.082448,0.050549,0.030361,0.082309,0.052377,0.028709,0.082171,0.054205,0.027058,0.082032,0.056041,0.025389,
		0.083879,0.050302,0.033356,0.083740,0.052124,0.031719,0.083602,0.053919,0.030137,0.083465,0.055715,0.028555,0.083326,0.057536,0.026918,0.085170,0.051892,0.034682,0.085032,0.053699,0.033076,0.084895,0.055462,0.031565,0.084759,0.057224,0.030053,0.084621,0.059031,0.028448,
		0.086463,0.053430,0.036118,0.086325,0.055230,0.034528,0.086189,0.056978,0.033048,0.086053,0.058726,0.031568,0.085915,0.060526,0.029977,0.072200,0.057692,0.028010,0.072340,0.055849,0.029693,0.072479,0.054006,0.031377,0.072618,0.052163,0.033060,0.072757,0.050320,0.034744,
		0.073495,0.059187,0.029539,0.073634,0.057344,0.031223,0.073773,0.055501,0.032906,0.073913,0.053658,0.034590,0.074052,0.051815,0.036273,0.074789,0.060682,0.031069,0.074929,0.058839,0.032752,0.075068,0.056996,0.034436,0.075207,0.055153,0.036119,0.075347,0.053310,0.037803,
		0.076084,0.062177,0.032598,0.076223,0.060334,0.034282,0.076363,0.058491,0.035965,0.076502,0.056648,0.037649,0.076641,0.054805,0.039332,0.077379,0.063672,0.034128,0.077518,0.061829,0.035811,0.077657,0.059986,0.037495,0.077796,0.058143,0.039178,0.077936,0.056300,0.040862
	],