{
	"metadata" : {
		"formatVersion" : 3,
		"description" : "Exported from LibZinc."
	},

	"materials" : [ {
	"DbgColor" : 15658734,
	"DbgIndex" : 0,
	"DbgName" : "my_material",
	"colorDiffuse" : [1, 1, 1],
	"colorSpecular" : [0, 0, 0],
	"shading" : "Phong",
	"specularCoef" : 0,
	"opacity" : 1,
	"vertexColors" : true
	}],

	"vertices" : [
		0.087311,0.043708,0.070658,0.085653,0.044550,0.072328,0.083994,0.045392,0.073999,0.082336,0.046233,0.075670,0.080677,0.047075,0.077340,0.085445,0.042800,0.069263,0.083787,0.043642,0.070934,0.082129,0.044484,0.072605,0.080470,0.045325,0.074275,0.078812,0.046167,0.075946,
		0.083580,0.041892,0.067869,0.081921,0.042734,0.069539,0.080263,0.043575,0.071210,0.078604,0.044417,0.072881,0.076946,0.045259,0.074551,0.081714,0.040984,0.066474,0.080056,0.041826,0.068145,0.078397,0.042667,0.069816,0.076739,0.043509,0.071486,0.075080,0.044351,0.073157,
		0.079849,0.040076,0.065080,0.078190,0.040917,0.066750,0.076532,0.041759,0.068421,0.074873,0.042601,0.070092,0.073215,0.043442,0.071762,0.080128,0.055762,0.072418,0.081786,0.054921,0.070748,0.083445,0.054079,0.069077,0.085103,0.053237,0.067406,0.086761,0.052396,0.065736,
		0.078270,0.054830,0.071103,0.079927,0.053992,0.069420,0.081583,0.053159,0.067722,0.083239,0.052325,0.066024,0.084896,0.051488,0.064341,0.076422,0.053867,0.069884,0.078076,0.053038,0.068173,0.079726,0.052223,0.066415,0.081376,0.051409,0.064657,0.083030,0.050580,0.062947,
		0.074574,0.052905,0.068664,0.076226,0.052084,0.066927,0.077869,0.051288,0.065108,0.079513,0.050492,0.063290,0.081165,0.049671,0.061552,0.072716,0.051972,0.067349,0.074367,0.051155,0.065599,0.076008,0.050368,0.063754,0.077648,0.049580,0.061908,0.079299,0.048763,0.060158,
		0.073215,0.043442,0.071762,0.075080,0.044351,0.073157,0.076946,0.045259,0.074551,0.078812,0.046167,0.075946,0.080677,0.047075,0.077340,0.073085,0.045590,0.070611,0.074950,0.046502,0.071993,0.076813,0.047418,0.073361,0.078675,0.048335,0.074728,0.080540,0.049247,0.076110,
		0.072966,0.047707,0.069556,0.074827,0.048628,0.070911,0.076684,0.049563,0.072218,0.078541,0.050498,0.073525,0.080402,0.051419,0.074879,0.072846,0.049825,0.068500,0.074705,0.050754,0.069828,0.076555,0.051708,0.071075,0.078406,0.052662,0.072321,0.080265,0.053590,0.073649,
		0.072716,0.051972,0.067349,0.074574,0.052905,0.068664,0.076422,0.053867,0.069884,0.078270,0.054830,0.071103,0.080128,0.055762,0.072418,0.087311,0.043708,0.070658,0.085445,0.042800,0.069263,0.083580,0.041892,0.067869,0.081714,0.040984,0.066474,0.079849,0.040076,0.065080,
		0.087174,0.045880,0.069427,0.085308,0.044972,0.068033,0.083442,0.044064,0.066638,0.081577,0.043156,0.065244,0.079711,0.042248,0.063849,0.087036,0.048052,0.068197,0.085171,0.047144,0.066802,0.083305,0.046236,0.065408,0.081439,0.045328,0.064013,0.079574,0.044420,0.062619,
		0.086899,0.050224,0.066966,0.085033,0.049316,0.065572,0.083168,0.048408,0.064177,0.081302,0.047500,0.062783,0.079436,0.046591,0.061388,0.086761,0.052396,0.065736,0.084896,0.051488,0.064341,0.083030,0.050580,0.062947,0.081165,0.049671,0.061552,0.079299,0.048763,0.060158,
		0.080128,0.055762,0.072418,0.080265,0.053590,0.073649,0.080402,0.051419,0.074879,0.080540,0.049247,0.076110,0.080677,0.047075,0.077340,0.081786,0.054921,0.070748,0.081923,0.052749,0.071978,0.082061,0.050577,0.073209,0.082198,0.048405,0.074439,0.082336,0.046233,0.075670,
		0.083445,0.054079,0.069077,0.083582,0.051907,0.070308,0.083719,0.049735,0.071538,0.083857,0.047564,0.072769,0.083994,0.045392,0.073999,0.085103,0.053237,0.067406,0.085240,0.051066,0.068637,0.085378,0.048894,0.069867,0.085515,0.046722,0.071098,0.085653,0.044550,0.072328,
		0.086761,0.052396,0.065736,0.086899,0.050224,0.066966,0.087036,0.048052,0.068197,0.087174,0.045880,0.069427,0.087311,0.043708,0.070658,0.073215,0.043442,0.071762,0.073085,0.045590,0.070611,0.072966,0.047707,0.069556,0.072846,0.049825,0.068500,0.072716,0.051972,0.067349,
		0.074873,0.042601,0.070092,0.074743,0.044752,0.068928,0.074620,0.046878,0.067845,0.074498,0.049004,0.066763,0.074367,0.051155,0.065599,0.076532,0.041759,0.068421,0.076398,0.043919,0.067230,0.076270,0.046063,0.066087,0.076141,0.048208,0.064944,0.076008,0.050368,0.063754,
		0.078190,0.040917,0.066750,0.078054,0.043085,0.065532,0.077919,0.045249,0.064329,0.077785,0.047412,0.063126,0.077648,0.049580,0.061908,0.079849,0.040076,0.065080,0.079711,0.042248,0.063849,0.079574,0.044420,0.062619,0.079436,0.046591,0.061388,0.079299,0.048763,0.060158
	],