{
	"metadata" : {
		"formatVersion" : 3,
		"description" : "Exported from LibZinc."
	},

	"materials" : [ {
	"DbgColor" : 15658734,
	"DbgIndex" : 0,
	"DbgName" : "my_material",
	"colorDiffuse" : [1, 1, 1],
	"colorSpecular" : [0, 0, 0],
	"shading" : "Phong",
	"specularCoef" : 0,
	"opacity" : 1,
	"vertexColors" : true
	}],

	"vertices" : [
		0.058809,0.028850,0.022246,0.060108,0.028016,0.020279,0.061407,0.027182,0.018313,0.062705,0.026349,0.016346,0.064004,0.025515,0.014379,0.056678,0.028178,0.021124,0.057977,0.027345,0.019157,0.059276,0.026511,0.017190,0.060575,0.025677,0.015223,0.061874,0.024844,0.013257,
		0.054548,0.027507,0.020001,0.055847,0.026673,0.018035,0.057145,0.025840,0.016068,0.058444,0.025006,0.014101,0.059743,0.024172,0.012134,0.052417,0.026835,0.018879,0.053716,0.026002,0.016912,0.055015,0.025168,0.014945,0.056314,0.024335,0.012979,0.057612,0.023501,0.011012,
		0.050287,0.026164,0.017757,0.051585,0.025330,0.015790,0.052884,0.024497,0.013823,0.054183,0.023663,0.011856,0.055482,0.022829,0.009889,0.064620,0.016478,0.018616,0.063321,0.017312,0.020583,0.062022,0.018145,0.022550,0.060724,0.018979,0.024516,0.059425,0.019813,0.026483,
		0.062489,0.015807,0.017494,0.061191,0.016640,0.019460,0.059892,0.017474,0.021427,0.058593,0.018308,0.023394,0.057294,0.019141,0.025361,0.060359,0.015135,0.016371,0.059060,0.015969,0.018338,0.057761,0.016803,0.020305,0.056463,0.017636,0.022272,0.055164,0.018470,0.024238,
		0.058228,0.014464,0.015249,0.056929,0.015297,0.017216,0.055631,0.016131,0.019182,0.054332,0.016965,0.021149,0.053033,0.017798,0.023116,0.056098,0.013792,0.014126,0.054799,0.014626,0.016093,0.053500,0.015460,0.018060,0.052201,0.016293,0.020027,0.050903,0.017127,0.021994,
		0.055482,0.022829,0.009889,0.057612,0.023501,0.011012,0.059743,0.024172,0.012134,0.061874,0.024844,0.013257,0.064004,0.025515,0.014379,0.055636,0.020570,0.010949,0.057766,0.021242,0.012071,0.059897,0.021913,0.013193,0.062028,0.022585,0.014316,0.064158,0.023256,0.015438,
		0.055790,0.018311,0.012008,0.057920,0.018982,0.013130,0.060051,0.019654,0.014253,0.062182,0.020325,0.015375,0.064312,0.020997,0.016497,0.055944,0.016052,0.013067,0.058074,0.016723,0.014190,0.060205,0.017395,0.015312,0.062335,0.018066,0.016434,0.064466,0.018737,0.017557,
		0.056098,0.013792,0.014126,0.058228,0.014464,0.015249,0.060359,0.015135,0.016371,0.062489,0.015807,0.017494,0.064620,0.016478,0.018616,0.058809,0.028850,0.022246,0.056678,0.028178,0.021124,0.054548,0.027507,0.020001,0.052417,0.026835,0.018879,0.050287,0.026164,0.017757,
		0.058963,0.026590,0.023305,0.056832,0.025919,0.022183,0.054702,0.025248,0.021061,0.052571,0.024576,0.019938,0.050441,0.023905,0.018816,0.059117,0.024331,0.024365,0.056986,0.023660,0.023242,0.054856,0.022988,0.022120,0.052725,0.022317,0.020997,0.050595,0.021645,0.019875,
		0.059271,0.022072,0.025424,0.057140,0.021400,0.024301,0.055010,0.020729,0.023179,0.052879,0.020058,0.022057,0.050749,0.019386,0.020934,0.059425,0.019813,0.026483,0.057294,0.019141,0.025361,0.055164,0.018470,0.024238,0.053033,0.017798,0.023116,0.050903,0.017127,0.021994,
		0.064620,0.016478,0.018616,0.064466,0.018737,0.017557,0.064312,0.020997,0.016497,0.064158,0.023256,0.015438,0.064004,0.025515,0.014379,0.063321,0.017312,0.020583,0.063167,0.019571,0.019524,0.063013,0.021830,0.018464,0.062859,0.024090,0.017405,0.062705,0.026349,0.016346,
		0.062022,0.018145,0.022550,0.061869,0.020405,0.021490,0.061715,0.022664,0.020431,0.061561,0.024923,0.019372,0.061407,0.027182,0.018313,0.060724,0.018979,0.024516,0.060570,0.021238,0.023457,0.060416,0.023498,0.022398,0.060262,0.025757,0.021339,0.060108,0.028016,0.020279,
		0.059425,0.019813,0.026483,0.059271,0.022072,0.025424,0.059117,0.024331,0.024365,0.058963,0.026590,0.023305,0.058809,0.028850,0.022246,0.055482,0.022829,0.009889,0.055636,0.020570,0.010949,0.055790,0.018311,0.012008,0.055944,0.016052,0.013067,0.056098,0.013792,0.014126,
		0.054183,0.023663,0.011856,0.054337,0.021404,0.012915,0.054491,0.019145,0.013975,0.054645,0.016885,0.015034,0.054799,0.014626,0.016093,0.052884,0.024497,0.013823,0.053038,0.022237,0.014882,0.053192,0.019978,0.015942,0.053346,0.017719,0.017001,0.053500,0.015460,0.018060,
		0.051585,0.025330,0.015790,0.051739,0.023071,0.016849,0.051893,0.020812,0.017908,0.052047,0.018553,0.018968,0.052201,0.016293,0.020027,0.050287,0.026164,0.017757,0.050441,0.023905,0.018816,0.050595,0.021645,0.019875,0.050749,0.019386,0.020934,0.050903,0.017127,0.021994
	],