{
	"metadata" : {
		"formatVersion" : 3,
		"description" : "Exported from LibZinc."
	},

	"materials" : [ {
	"DbgColor" : 15658734,
	"DbgIndex" : 0,
	"DbgName" : "my_material",
	"colorDiffuse" : [1, 1, 1],
	"colorSpecular" : [0, 0, 0],
	"shading" : "Phong",
	"specularCoef" : 0,
	"opacity" : 1,
	"vertexColors" : true
	}],

	"vertices" : [
		0.080896,0.018662,0.055899,0.079974,0.016564,0.054899,0.079053,0.014466,0.053900,0.078132,0.012368,0.052900,0.077210,0.010270,0.051900,0.083166,0.018079,0.055030,0.082245,0.015981,0.054030,0.081323,0.013883,0.053030,0.080402,0.011785,0.052031,0.079481,0.009688,0.051031,
		0.085436,0.017497,0.054161,0.084515,0.015399,0.053161,0.083594,0.013301,0.052161,0.082672,0.011203,0.051161,0.081751,0.009105,0.050162,0.087707,0.016914,0.053292,0.086786,0.014816,0.052292,0.085864,0.012718,0.051292,0.084943,0.010620,0.050292,0.084022,0.008522,0.049292,
		0.089977,0.016331,0.052423,0.089056,0.014233,0.051423,0.088135,0.012135,0.050423,0.087213,0.010037,0.049423,0.086292,0.007939,0.048423,0.075225,0.015184,0.043419,0.076146,0.017282,0.044419,0.077068,0.019380,0.045419,0.077989,0.021478,0.046419,0.078910,0.023576,0.047419,
		0.077496,0.014601,0.042550,0.078417,0.016699,0.043550,0.079338,0.018797,0.044550,0.080260,0.020895,0.045550,0.081181,0.022993,0.046550,0.079766,0.014018,0.041681,0.080687,0.016116,0.042681,0.081609,0.018214,0.043681,0.082530,0.020312,0.044681,0.083451,0.022410,0.045680,
		0.082036,0.013435,0.040812,0.082958,0.015533,0.041812,0.083879,0.017631,0.042812,0.084800,0.019729,0.043811,0.085722,0.021827,0.044811,0.084307,0.012852,0.039943,0.085228,0.014950,0.040943,0.086150,0.017048,0.041942,0.087071,0.019146,0.042942,0.087992,0.021244,0.043942,
		0.086292,0.007939,0.048423,0.084022,0.008522,0.049292,0.081751,0.009105,0.050162,0.079481,0.009688,0.051031,0.077210,0.010270,0.051900,0.085796,0.009167,0.046303,0.083525,0.009750,0.047172,0.081255,0.010333,0.048041,0.078984,0.010916,0.048911,0.076714,0.011499,0.049780,
		0.085299,0.010396,0.044183,0.083029,0.010978,0.045052,0.080759,0.011561,0.045921,0.078488,0.012144,0.046790,0.076218,0.012727,0.047660,0.084803,0.011624,0.042063,0.082533,0.012207,0.042932,0.080262,0.012790,0.043801,0.077992,0.013373,0.044670,0.075721,0.013955,0.045539,
		0.084307,0.012852,0.039943,0.082036,0.013435,0.040812,0.079766,0.014018,0.041681,0.077496,0.014601,0.042550,0.075225,0.015184,0.043419,0.080896,0.018662,0.055899,0.083166,0.018079,0.055030,0.085436,0.017497,0.054161,0.087707,0.016914,0.053292,0.089977,0.016331,0.052423,
		0.080399,0.019891,0.053779,0.082670,0.019308,0.052910,0.084940,0.018725,0.052041,0.087211,0.018142,0.051172,0.089481,0.017559,0.050302,0.079903,0.021119,0.051659,0.082173,0.020536,0.050790,0.084444,0.019953,0.049921,0.086714,0.019370,0.049051,0.088985,0.018788,0.048182,
		0.079407,0.022347,0.049539,0.081677,0.021764,0.048670,0.083948,0.021182,0.047801,0.086218,0.020599,0.046931,0.088488,0.020016,0.046062,0.078910,0.023576,0.047419,0.081181,0.022993,0.046550,0.083451,0.022410,0.045680,0.085722,0.021827,0.044811,0.087992,0.021244,0.043942,
		0.075225,0.015184,0.043419,0.075721,0.013955,0.045539,0.076218,0.012727,0.047660,0.076714,0.011499,0.049780,0.077210,0.010270,0.051900,0.076146,0.017282,0.044419,0.076643,0.016053,0.046539,0.077139,0.014825,0.048659,0.077635,0.013597,0.050780,0.078132,0.012368,0.052900,
		0.077068,0.019380,0.045419,0.077564,0.018151,0.047539,0.078060,0.016923,0.049659,0.078557,0.015695,0.051779,0.079053,0.014466,0.053900,0.077989,0.021478,0.046419,0.078485,0.020249,0.048539,0.078982,0.019021,0.050659,0.079478,0.017793,0.052779,0.079974,0.016564,0.054899,
		0.078910,0.023576,0.047419,0.079407,0.022347,0.049539,0.079903,0.021119,0.051659,0.080399,0.019891,0.053779,0.080896,0.018662,0.055899,0.086292,0.007939,0.048423,0.085796,0.009167,0.046303,0.085299,0.010396,0.044183,0.084803,0.011624,0.042063,0.084307,0.012852,0.039943,
		0.087213,0.010037,0.049423,0.086717,0.011265,0.047303,0.086221,0.012494,0.045183,0.085724,0.013722,0.043063,0.085228,0.014950,0.040943,0.088135,0.012135,0.050423,0.087638,0.013363,0.048303,0.087142,0.014592,0.046183,0.086646,0.015820,0.044063,0.086150,0.017048,0.041942,
		0.089056,0.014233,0.051423,0.088560,0.015461,0.049303,0.088063,0.016690,0.047182,0.087567,0.017918,0.045062,0.087071,0.019146,0.042942,0.089977,0.016331,0.052423,0.089481,0.017559,0.050302,0.088985,0.018788,0.048182,0.088488,0.020016,0.046062,0.087992,0.021244,0.043942
	],