{
	"metadata" : {
		"formatVersion" : 3,
		"description" : "Exported from LibZinc."
	},

	"materials" : [ {
	"DbgColor" : 15658734,
	"DbgIndex" : 0,
	"DbgName" : "my_material",
	"colorDiffuse" : [1, 1, 1],
	"colorSpecular" : [0, 0, 0],
	"shading" : "Phong",
	"specularCoef" : 0,
	"opacity" : 1,
	"vertexColors" : true
	}],

	"vertices" : [
		0.074635,0.060297,0.065388,0.072696,0.059427,0.064072,0.070757,0.058558,0.062755,0.068817,0.057689,0.061439,0.066878,0.056819,0.060123,0.076213,0.059191,0.063795,0.074273,0.058322,0.062478,0.072334,0.057452,0.061162,0.070394,0.056583,0.059846,0.068455,0.055713,0.058529,
		0.077790,0.058085,0.062201,0.075851,0.057216,0.060885,0.073911,0.056346,0.059568,0.071972,0.055477,0.058252,0.070032,0.054608,0.056936,0.079367,0.056980,0.060608,0.077428,0.056110,0.059291,0.075488,0.055241,0.057975,0.073549,0.054371,0.056658,0.071610,0.053502,0.055342,
		0.080945,0.055874,0.059014,0.079005,0.055004,0.057698,0.077066,0.054135,0.056381,0.075126,0.053266,0.055065,0.073187,0.052396,0.053749,0.066990,0.065086,0.054497,0.068929,0.065956,0.055814,0.070869,0.066825,0.057130,0.072808,0.067694,0.058446,0.074748,0.068564,0.059763,
		0.068567,0.063980,0.052904,0.070507,0.064850,0.054220,0.072446,0.065719,0.055537,0.074385,0.066589,0.056853,0.076325,0.067458,0.058169,0.070144,0.062875,0.051310,0.072084,0.063744,0.052627,0.074023,0.064613,0.053943,0.075963,0.065483,0.055259,0.077902,0.066352,0.056576,
		0.071722,0.061769,0.049717,0.073661,0.062638,0.051033,0.075601,0.063508,0.052349,0.077540,0.064377,0.053666,0.079479,0.065247,0.054982,0.073299,0.060663,0.048123,0.075239,0.061533,0.049440,0.077178,0.062402,0.050756,0.079117,0.063271,0.052072,0.081057,0.064141,0.053389,
		0.073187,0.052396,0.053749,0.071610,0.053502,0.055342,0.070032,0.054608,0.056936,0.068455,0.055713,0.058529,0.066878,0.056819,0.060123,0.073215,0.054463,0.052342,0.071638,0.055569,0.053936,0.070060,0.056674,0.055529,0.068483,0.057780,0.057123,0.066906,0.058886,0.058716,
		0.073243,0.056530,0.050936,0.071666,0.057635,0.052529,0.070088,0.058741,0.054123,0.068511,0.059847,0.055717,0.066934,0.060953,0.057310,0.073271,0.058596,0.049530,0.071694,0.059702,0.051123,0.070116,0.060808,0.052717,0.068539,0.061914,0.054310,0.066962,0.063019,0.055904,
		0.073299,0.060663,0.048123,0.071722,0.061769,0.049717,0.070144,0.062875,0.051310,0.068567,0.063980,0.052904,0.066990,0.065086,0.054497,0.074635,0.060297,0.065388,0.076213,0.059191,0.063795,0.077790,0.058085,0.062201,0.079367,0.056980,0.060608,0.080945,0.055874,0.059014,
		0.074663,0.062364,0.063982,0.076241,0.061258,0.062388,0.077818,0.060152,0.060795,0.079395,0.059046,0.059201,0.080973,0.057941,0.057608,0.074691,0.064430,0.062576,0.076269,0.063325,0.060982,0.077846,0.062219,0.059388,0.079423,0.061113,0.057795,0.081001,0.060007,0.056201,
		0.074720,0.066497,0.061169,0.076297,0.065391,0.059576,0.077874,0.064286,0.057982,0.079451,0.063180,0.056389,0.081029,0.062074,0.054795,0.074748,0.068564,0.059763,0.076325,0.067458,0.058169,0.077902,0.066352,0.056576,0.079479,0.065247,0.054982,0.081057,0.064141,0.053389,
		0.066990,0.065086,0.054497,0.066962,0.063019,0.055904,0.066934,0.060953,0.057310,0.066906,0.058886,0.058716,0.066878,0.056819,0.060123,0.068929,0.065956,0.055814,0.068901,0.063889,0.057220,0.068873,0.061822,0.058626,0.068845,0.059755,0.060033,0.068817,0.057689,0.061439,
		0.070869,0.066825,0.057130,0.070841,0.064758,0.058536,0.070813,0.062691,0.059943,0.070785,0.060625,0.061349,0.070757,0.058558,0.062755,0.072808,0.067694,0.058446,0.072780,0.065628,0.059853,0.072752,0.063561,0.061259,0.072724,0.061494,0.062666,0.072696,0.059427,0.064072,
		0.074748,0.068564,0.059763,0.074720,0.066497,0.061169,0.074691,0.064430,0.062576,0.074663,0.062364,0.063982,0.074635,0.060297,0.065388,0.073187,0.052396,0.053749,0.073215,0.054463,0.052342,0.073243,0.056530,0.050936,0.073271,0.058596,0.049530,0.073299,0.060663,0.048123,
		0.075126,0.053266,0.055065,0.075154,0.055332,0.053659,0.075182,0.057399,0.052252,0.075210,0.059466,0.050846,0.075239,0.061533,0.049440,0.077066,0.054135,0.056381,0.077094,0.056202,0.054975,0.077122,0.058268,0.053569,0.077150,0.060335,0.052162,0.077178,0.062402,0.050756,
		0.079005,0.055004,0.057698,0.079033,0.057071,0.056291,0.079061,0.059138,0.054885,0.079089,0.061205,0.053479,0.079117,0.063271,0.052072,0.080945,0.055874,0.059014,0.080973,0.057941,0.057608,0.081001,0.060007,0.056201,0.081029,0.062074,0.054795,0.081057,0.064141,0.053389
	],