{
	"metadata" : {
		"formatVersion" : 3,
		"description" : "Exported from LibZinc."
	},

	"materials" : [ {
	"DbgColor" : 15658734,
	"DbgIndex" : 0,
	"DbgName" : "my_material",
	"colorDiffuse" : [1, 1, 1],
	"colorSpecular" : [0, 0, 0],
	"shading" : "Phong",
	"specularCoef" : 0,
	"opacity" : 1,
	"vertexColors" : true
	}],

	"vertices" : [
		0.060075,0.034785,0.066891,0.058258,0.034126,0.065304,0.056442,0.033468,0.063718,0.054626,0.032809,0.062131,0.052809,0.032150,0.060545,0.061792,0.034048,0.065230,0.059976,0.033389,0.063644,0.058159,0.032731,0.062057,0.056343,0.032072,0.060471,0.054527,0.031413,0.058884,
		0.063510,0.033311,0.063570,0.061693,0.032652,0.061984,0.059877,0.031993,0.060397,0.058061,0.031335,0.058811,0.056244,0.030676,0.057224,0.065227,0.032574,0.061910,0.063411,0.031915,0.060323,0.061594,0.031256,0.058737,0.059778,0.030598,0.057150,0.057962,0.029939,0.055564,
		0.066945,0.031837,0.060249,0.065128,0.031178,0.058663,0.063312,0.030519,0.057076,0.061496,0.029861,0.055490,0.059679,0.029202,0.053903,0.052930,0.041335,0.056593,0.054747,0.041994,0.058179,0.056563,0.042653,0.059766,0.058380,0.043311,0.061352,0.060196,0.043970,0.062939,
		0.054648,0.040598,0.054932,0.056464,0.041257,0.056519,0.058281,0.041916,0.058105,0.060097,0.042574,0.059692,0.061913,0.043233,0.061278,0.056365,0.039861,0.053272,0.058182,0.040520,0.054859,0.059998,0.041179,0.056445,0.061815,0.041837,0.058032,0.063631,0.042496,0.059618,
		0.058083,0.039124,0.051612,0.059899,0.039783,0.053198,0.061716,0.040442,0.054785,0.063532,0.041100,0.056371,0.065348,0.041759,0.057958,0.059801,0.038387,0.049951,0.061617,0.039046,0.051538,0.063433,0.039704,0.053124,0.065250,0.040363,0.054711,0.067066,0.041022,0.056297,
		0.059679,0.029202,0.053903,0.057962,0.029939,0.055564,0.056244,0.030676,0.057224,0.054527,0.031413,0.058884,0.052809,0.032150,0.060545,0.059710,0.031498,0.052915,0.057992,0.032235,0.054576,0.056275,0.032972,0.056236,0.054557,0.033710,0.057896,0.052839,0.034447,0.059557,
		0.059740,0.033795,0.051927,0.058022,0.034532,0.053588,0.056305,0.035269,0.055248,0.054587,0.036006,0.056908,0.052870,0.036743,0.058569,0.059770,0.036091,0.050939,0.058053,0.036828,0.052600,0.056335,0.037565,0.054260,0.054618,0.038302,0.055920,0.052900,0.039039,0.057581,
		0.059801,0.038387,0.049951,0.058083,0.039124,0.051612,0.056365,0.039861,0.053272,0.054648,0.040598,0.054932,0.052930,0.041335,0.056593,0.060075,0.034785,0.066891,0.061792,0.034048,0.065230,0.063510,0.033311,0.063570,0.065227,0.032574,0.061910,0.066945,0.031837,0.060249,
		0.060105,0.037081,0.065903,0.061822,0.036344,0.064242,0.063540,0.035607,0.062582,0.065258,0.034870,0.060922,0.066975,0.034133,0.059261,0.060135,0.039377,0.064915,0.061853,0.038640,0.063254,0.063570,0.037903,0.061594,0.065288,0.037166,0.059934,0.067005,0.036429,0.058273,
		0.060166,0.041674,0.063927,0.061883,0.040937,0.062266,0.063601,0.040200,0.060606,0.065318,0.039463,0.058946,0.067036,0.038725,0.057285,0.060196,0.043970,0.062939,0.061913,0.043233,0.061278,0.063631,0.042496,0.059618,0.065348,0.041759,0.057958,0.067066,0.041022,0.056297,
		0.052930,0.041335,0.056593,0.052900,0.039039,0.057581,0.052870,0.036743,0.058569,0.052839,0.034447,0.059557,0.052809,0.032150,0.060545,0.054747,0.041994,0.058179,0.054716,0.039698,0.059167,0.054686,0.037402,0.060155,0.054656,0.035105,0.061143,0.054626,0.032809,0.062131,
		0.056563,0.042653,0.059766,0.056533,0.040356,0.060754,0.056503,0.038060,0.061742,0.056472,0.035764,0.062730,0.056442,0.033468,0.063718,0.058380,0.043311,0.061352,0.058349,0.041015,0.062340,0.058319,0.038719,0.063328,0.058289,0.036423,0.064316,0.058258,0.034126,0.065304,
		0.060196,0.043970,0.062939,0.060166,0.041674,0.063927,0.060135,0.039377,0.064915,0.060105,0.037081,0.065903,0.060075,0.034785,0.066891,0.059679,0.029202,0.053903,0.059710,0.031498,0.052915,0.059740,0.033795,0.051927,0.059770,0.036091,0.050939,0.059801,0.038387,0.049951,
		0.061496,0.029861,0.055490,0.061526,0.032157,0.054502,0.061556,0.034453,0.053514,0.061587,0.036750,0.052526,0.061617,0.039046,0.051538,0.063312,0.030519,0.057076,0.063342,0.032816,0.056088,0.063373,0.035112,0.055100,0.063403,0.037408,0.054112,0.063433,0.039704,0.053124,
		0.065128,0.031178,0.058663,0.065159,0.033474,0.057675,0.065189,0.035771,0.056687,0.065219,0.038067,0.055699,0.065250,0.040363,0.054711,0.066945,0.031837,0.060249,0.066975,0.034133,0.059261,0.067005,0.036429,0.058273,0.067036,0.038725,0.057285,0.067066,0.041022,0.056297
	],