{
	"metadata" : {
		"formatVersion" : 3,
		"description" : "Exported from LibZinc."
	},

	"materials" : [ {
	"DbgColor" : 15658734,
	"DbgIndex" : 0,
	"DbgName" : "my_material",
	"colorDiffuse" : [1, 1, 1],
	"colorSpecular" : [0, 0, 0],
	"shading" : "Phong",
	"specularCoef" : 0,
	"opacity" : 1,
	"vertexColors" : true
	}],

	"vertices" : [
		0.044297,0.041700,0.034466,0.045764,0.041005,0.036366,0.047231,0.040309,0.038267,0.048699,0.039614,0.040168,0.050166,0.038918,0.042069,0.042404,0.042061,0.036059,0.043871,0.041365,0.037959,0.045339,0.040670,0.039860,0.046806,0.039974,0.041761,0.048273,0.039279,0.043662,
		0.040511,0.042422,0.037652,0.041979,0.041726,0.039552,0.043446,0.041030,0.041453,0.044913,0.040335,0.043354,0.046381,0.039639,0.045255,0.038619,0.042782,0.039245,0.040086,0.042087,0.041145,0.041553,0.041391,0.043046,0.043021,0.040695,0.044947,0.044488,0.040000,0.046848,
		0.036726,0.043143,0.040838,0.038193,0.042447,0.042738,0.039661,0.041752,0.044639,0.041128,0.041056,0.046540,0.042595,0.040360,0.048441,0.053036,0.048414,0.043329,0.051568,0.049110,0.041428,0.050101,0.049805,0.039527,0.048634,0.050501,0.037627,0.047166,0.051197,0.035726,
		0.051143,0.048775,0.044922,0.049676,0.049470,0.043021,0.048208,0.050166,0.041120,0.046741,0.050862,0.039219,0.045274,0.051557,0.037319,0.049250,0.049135,0.046515,0.047783,0.049831,0.044614,0.046316,0.050527,0.042713,0.044848,0.051222,0.040812,0.043381,0.051918,0.038912,
		0.047357,0.049496,0.048108,0.045890,0.050192,0.046207,0.044423,0.050887,0.044306,0.042956,0.051583,0.042405,0.041488,0.052278,0.040505,0.045465,0.049857,0.049701,0.043997,0.050552,0.047800,0.042530,0.051248,0.045899,0.041063,0.051943,0.043998,0.039596,0.052639,0.042098,
		0.042595,0.040360,0.048441,0.044488,0.040000,0.046848,0.046381,0.039639,0.045255,0.048273,0.039279,0.043662,0.050166,0.038918,0.042069,0.043313,0.042734,0.048756,0.045205,0.042374,0.047163,0.047098,0.042013,0.045570,0.048991,0.041653,0.043977,0.050883,0.041292,0.042384,
		0.044030,0.045108,0.049071,0.045923,0.044748,0.047478,0.047815,0.044387,0.045885,0.049708,0.044027,0.044292,0.051601,0.043666,0.042699,0.044747,0.047483,0.049386,0.046640,0.047122,0.047793,0.048533,0.046761,0.046200,0.050426,0.046401,0.044607,0.052318,0.046040,0.043014,
		0.045465,0.049857,0.049701,0.047357,0.049496,0.048108,0.049250,0.049135,0.046515,0.051143,0.048775,0.044922,0.053036,0.048414,0.043329,0.044297,0.041700,0.034466,0.042404,0.042061,0.036059,0.040511,0.042422,0.037652,0.038619,0.042782,0.039245,0.036726,0.043143,0.040838,
		0.045014,0.044075,0.034781,0.043122,0.044435,0.036374,0.041229,0.044796,0.037967,0.039336,0.045156,0.039560,0.037443,0.045517,0.041153,0.045732,0.046449,0.035096,0.043839,0.046809,0.036689,0.041946,0.047170,0.038282,0.040054,0.047530,0.039875,0.038161,0.047891,0.041468,
		0.046449,0.048823,0.035411,0.044556,0.049183,0.037004,0.042664,0.049544,0.038597,0.040771,0.049904,0.040190,0.038878,0.050265,0.041783,0.047166,0.051197,0.035726,0.045274,0.051557,0.037319,0.043381,0.051918,0.038912,0.041488,0.052278,0.040505,0.039596,0.052639,0.042098,
		0.053036,0.048414,0.043329,0.052318,0.046040,0.043014,0.051601,0.043666,0.042699,0.050883,0.041292,0.042384,0.050166,0.038918,0.042069,0.051568,0.049110,0.041428,0.050851,0.046736,0.041113,0.050134,0.044362,0.040798,0.049416,0.041988,0.040483,0.048699,0.039614,0.040168,
		0.050101,0.049805,0.039527,0.049384,0.047431,0.039212,0.048666,0.045057,0.038897,0.047949,0.042683,0.038582,0.047231,0.040309,0.038267,0.048634,0.050501,0.037627,0.047916,0.048127,0.037312,0.047199,0.045753,0.036997,0.046482,0.043379,0.036681,0.045764,0.041005,0.036366,
		0.047166,0.051197,0.035726,0.046449,0.048823,0.035411,0.045732,0.046449,0.035096,0.045014,0.044075,0.034781,0.044297,0.041700,0.034466,0.042595,0.040360,0.048441,0.043313,0.042734,0.048756,0.044030,0.045108,0.049071,0.044747,0.047483,0.049386,0.045465,0.049857,0.049701,
		0.041128,0.041056,0.046540,0.041845,0.043430,0.046855,0.042563,0.045804,0.047170,0.043280,0.048178,0.047485,0.043997,0.050552,0.047800,0.039661,0.041752,0.044639,0.040378,0.044126,0.044954,0.041095,0.046500,0.045269,0.041813,0.048874,0.045584,0.042530,0.051248,0.045899,
		0.038193,0.042447,0.042738,0.038911,0.044821,0.043053,0.039628,0.047195,0.043368,0.040346,0.049569,0.043683,0.041063,0.051943,0.043998,0.036726,0.043143,0.040838,0.037443,0.045517,0.041153,0.038161,0.047891,0.041468,0.038878,0.050265,0.041783,0.039596,0.052639,0.042098
	],