{
	"metadata" : {
		"formatVersion" : 3,
		"description" : "Exported from LibZinc."
	},

	"materials" : [ {
	"DbgColor" : 15658734,
	"DbgIndex" : 0,
	"DbgName" : "my_material",
	"colorDiffuse" : [1, 1, 1],
	"colorSpecular" : [0, 0, 0],
	"shading" : "Phong",
	"specularCoef" : 0,
	"opacity" : 1,
	"vertexColors" : true
	}],

	"vertices" : [
		0.089467,0.039938,0.058083,0.091726,0.040652,0.057286,0.093985,0.041365,0.056489,0.096245,0.042079,0.055691,0.098504,0.042792,0.054894,0.088834,0.042331,0.058433,0.091094,0.043045,0.057635,0.093353,0.043759,0.056838,0.095612,0.044472,0.056041,0.097872,0.045186,0.055243,
		0.088202,0.044725,0.058782,0.090461,0.045438,0.057985,0.092720,0.046152,0.057187,0.094980,0.046865,0.056390,0.097239,0.047579,0.055593,0.087569,0.047118,0.059131,0.089828,0.047832,0.058334,0.092088,0.048545,0.057537,0.094347,0.049259,0.056739,0.096607,0.049972,0.055942,
		0.086936,0.049511,0.059481,0.089196,0.050225,0.058683,0.091455,0.050938,0.057886,0.093715,0.051652,0.057089,0.095974,0.052365,0.056292,0.095053,0.043248,0.045520,0.092793,0.042535,0.046317,0.090534,0.041821,0.047114,0.088274,0.041108,0.047912,0.086015,0.040394,0.048709,
		0.094420,0.045642,0.045869,0.092161,0.044928,0.046667,0.089901,0.044215,0.047464,0.087642,0.043501,0.048261,0.085382,0.042788,0.049058,0.093788,0.048035,0.046219,0.091528,0.047321,0.047016,0.089269,0.046608,0.047813,0.087009,0.045894,0.048610,0.084750,0.045181,0.049408,
		0.093155,0.050428,0.046568,0.090896,0.049715,0.047365,0.088636,0.049001,0.048163,0.086377,0.048288,0.048960,0.084117,0.047574,0.049757,0.092522,0.052822,0.046917,0.090263,0.052108,0.047715,0.088004,0.051395,0.048512,0.085744,0.050681,0.049309,0.083485,0.049967,0.050106,
		0.095974,0.052365,0.056292,0.096607,0.049972,0.055942,0.097239,0.047579,0.055593,0.097872,0.045186,0.055243,0.098504,0.042792,0.054894,0.095111,0.052480,0.053948,0.095744,0.050086,0.053599,0.096376,0.047693,0.053249,0.097009,0.045300,0.052900,0.097641,0.042906,0.052551,
		0.094248,0.052594,0.051604,0.094881,0.050200,0.051255,0.095513,0.047807,0.050906,0.096146,0.045414,0.050556,0.096778,0.043020,0.050207,0.093385,0.052708,0.049261,0.094018,0.050314,0.048912,0.094650,0.047921,0.048562,0.095283,0.045528,0.048213,0.095916,0.043134,0.047863,
		0.092522,0.052822,0.046917,0.093155,0.050428,0.046568,0.093788,0.048035,0.046219,0.094420,0.045642,0.045869,0.095053,0.043248,0.045520,0.089467,0.039938,0.058083,0.088834,0.042331,0.058433,0.088202,0.044725,0.058782,0.087569,0.047118,0.059131,0.086936,0.049511,0.059481,
		0.088604,0.040052,0.055740,0.087971,0.042445,0.056089,0.087339,0.044839,0.056438,0.086706,0.047232,0.056788,0.086073,0.049625,0.057137,0.087741,0.040166,0.053396,0.087108,0.042559,0.053745,0.086476,0.044953,0.054095,0.085843,0.047346,0.054444,0.085211,0.049739,0.054794,
		0.086878,0.040280,0.051053,0.086245,0.042674,0.051402,0.085613,0.045067,0.051751,0.084980,0.047460,0.052101,0.084348,0.049853,0.052450,0.086015,0.040394,0.048709,0.085382,0.042788,0.049058,0.084750,0.045181,0.049408,0.084117,0.047574,0.049757,0.083485,0.049967,0.050106,
		0.095053,0.043248,0.045520,0.095916,0.043134,0.047863,0.096778,0.043020,0.050207,0.097641,0.042906,0.052551,0.098504,0.042792,0.054894,0.092793,0.042535,0.046317,0.093656,0.042421,0.048661,0.094519,0.042307,0.051004,0.095382,0.042193,0.053348,0.096245,0.042079,0.055691,
		0.090534,0.041821,0.047114,0.091397,0.041707,0.049458,0.092260,0.041593,0.051802,0.093123,0.041479,0.054145,0.093985,0.041365,0.056489,0.088274,0.041108,0.047912,0.089137,0.040994,0.050255,0.090000,0.040880,0.052599,0.090863,0.040766,0.054942,0.091726,0.040652,0.057286,
		0.086015,0.040394,0.048709,0.086878,0.040280,0.051053,0.087741,0.040166,0.053396,0.088604,0.040052,0.055740,0.089467,0.039938,0.058083,0.095974,0.052365,0.056292,0.095111,0.052480,0.053948,0.094248,0.052594,0.051604,0.093385,0.052708,0.049261,0.092522,0.052822,0.046917,
		0.093715,0.051652,0.057089,0.092852,0.051766,0.054745,0.091989,0.051880,0.052402,0.091126,0.051994,0.050058,0.090263,0.052108,0.047715,0.091455,0.050938,0.057886,0.090592,0.051052,0.055543,0.089729,0.051166,0.053199,0.088867,0.051280,0.050855,0.088004,0.051395,0.048512,
		0.089196,0.050225,0.058683,0.088333,0.050339,0.056340,0.087470,0.050453,0.053996,0.086607,0.050567,0.051653,0.085744,0.050681,0.049309,0.086936,0.049511,0.059481,0.086073,0.049625,0.057137,0.085211,0.049739,0.054794,0.084348,0.049853,0.052450,0.083485,0.049967,0.050106
	],