{
	"metadata" : {
		"formatVersion" : 3,
		"description" : "Exported from LibZinc."
	},

	"materials" : [ {
	"DbgColor" : 15658734,
	"DbgIndex" : 0,
	"DbgName" : "my_material",
	"colorDiffuse" : [1, 1, 1],
	"colorSpecular" : [0, 0, 0],
	"shading" : "Phong",
	"specularCoef" : 0,
	"opacity" : 1,
	"vertexColors" : true
	}],

	"vertices" : [
		0.064911,0.022939,0.077345,0.066518,0.022939,0.079261,0.068125,0.022939,0.081176,0.069732,0.022939,0.083091,0.071338,0.022939,0.085006,0.064911,0.025439,0.077345,0.066518,0.025439,0.079261,0.068125,0.025439,0.081176,0.069732,0.025439,0.083091,0.071338,0.025439,0.085006,
		0.064911,0.027939,0.077345,0.066518,0.027939,0.079261,0.068125,0.027939,0.081176,0.069732,0.027939,0.083091,0.071338,0.027939,0.085006,0.064911,0.030439,0.077345,0.066518,0.030439,0.079261,0.068125,0.030439,0.081176,0.069732,0.030439,0.083091,0.071338,0.030439,0.085006,
		0.064911,0.032939,0.077345,0.066518,0.032939,0.079261,0.068125,0.032939,0.081176,0.069732,0.032939,0.083091,0.071338,0.032939,0.085006,0.078999,0.022939,0.078578,0.077392,0.022939,0.076663,0.075785,0.022939,0.074748,0.074178,0.022939,0.072833,0.072571,0.022939,0.070918,
		0.078999,0.025439,0.078578,0.077392,0.025439,0.076663,0.075785,0.025439,0.074748,0.074178,0.025439,0.072833,0.072571,0.025439,0.070918,0.078999,0.027939,0.078578,0.077392,0.027939,0.076663,0.075785,0.027939,0.074748,0.074178,0.027939,0.072833,0.072571,0.027939,0.070918,
		0.078999,0.030439,0.078578,0.077392,0.030439,0.076663,0.075785,0.030439,0.074748,0.074178,0.030439,0.072833,0.072571,0.030439,0.070918,0.078999,0.032939,0.078578,0.077392,0.032939,0.076663,0.075785,0.032939,0.074748,0.074178,0.032939,0.072833,0.072571,0.032939,0.070918,
		0.071338,0.032939,0.085006,0.071338,0.030439,0.085006,0.071338,0.027939,0.085006,0.071338,0.025439,0.085006,0.071338,0.022939,0.085006,0.073254,0.032939,0.083399,0.073254,0.030439,0.083399,0.073254,0.027939,0.083399,0.073254,0.025439,0.083399,0.073254,0.022939,0.083399,
		0.075169,0.032939,0.081792,0.075169,0.030439,0.081792,0.075169,0.027939,0.081792,0.075169,0.025439,0.081792,0.075169,0.022939,0.081792,0.077084,0.032939,0.080185,0.077084,0.030439,0.080185,0.077084,0.027939,0.080185,0.077084,0.025439,0.080185,0.077084,0.022939,0.080185,
		0.078999,0.032939,0.078578,0.078999,0.030439,0.078578,0.078999,0.027939,0.078578,0.078999,0.025439,0.078578,0.078999,0.022939,0.078578,0.064911,0.022939,0.077345,0.064911,0.025439,0.077345,0.064911,0.027939,0.077345,0.064911,0.030439,0.077345,0.064911,0.032939,0.077345,
		0.066826,0.022939,0.075739,0.066826,0.025439,0.075739,0.066826,0.027939,0.075739,0.066826,0.030439,0.075739,0.066826,0.032939,0.075739,0.068741,0.022939,0.074132,0.068741,0.025439,0.074132,0.068741,0.027939,0.074132,0.068741,0.030439,0.074132,0.068741,0.032939,0.074132,
		0.070656,0.022939,0.072525,0.070656,0.025439,0.072525,0.070656,0.027939,0.072525,0.070656,0.030439,0.072525,0.070656,0.032939,0.072525,0.072571,0.022939,0.070918,0.072571,0.025439,0.070918,0.072571,0.027939,0.070918,0.072571,0.030439,0.070918,0.072571,0.032939,0.070918,
		0.078999,0.022939,0.078578,0.077084,0.022939,0.080185,0.075169,0.022939,0.081792,0.073254,0.022939,0.083399,0.071338,0.022939,0.085006,0.077392,0.022939,0.076663,0.075477,0.022939,0.078270,0.073562,0.022939,0.079877,0.071647,0.022939,0.081484,0.069732,0.022939,0.083091,
		0.075785,0.022939,0.074748,0.073870,0.022939,0.076355,0.071955,0.022939,0.077962,0.070040,0.022939,0.079569,0.068125,0.022939,0.081176,0.074178,0.022939,0.072833,0.072263,0.022939,0.074440,0.070348,0.022939,0.076047,0.068433,0.022939,0.077654,0.066518,0.022939,0.079261,
		0.072571,0.022939,0.070918,0.070656,0.022939,0.072525,0.068741,0.022939,0.074132,0.066826,0.022939,0.075739,0.064911,0.022939,0.077345,0.071338,0.032939,0.085006,0.073254,0.032939,0.083399,0.075169,0.032939,0.081792,0.077084,0.032939,0.080185,0.078999,0.032939,0.078578,
		0.069732,0.032939,0.083091,0.071647,0.032939,0.081484,0.073562,0.032939,0.079877,0.075477,0.032939,0.078270,0.077392,0.032939,0.076663,0.068125,0.032939,0.081176,0.070040,0.032939,0.079569,0.071955,0.032939,0.077962,0.073870,0.032939,0.076355,0.075785,0.032939,0.074748,
		0.066518,0.032939,0.079261,0.068433,0.032939,0.077654,0.070348,0.032939,0.076047,0.072263,0.032939,0.074440,0.074178,0.032939,0.072833,0.064911,0.032939,0.077345,0.066826,0.032939,0.075739,0.068741,0.032939,0.074132,0.070656,0.032939,0.072525,0.072571,0.032939,0.070918
	],